{"ts":1729438116889,"data":{"used_site_info":"s{\"MTeam\":{\"url\":\"https://kp.m-team.cc/\",\"enable\":1},\"红叶\":{\"url\":\"https://leaves.red/\",\"enable\":1},\"影\":{\"url\":\"https://star-space.net/\",\"enable\":1},\"1PTBA\":{\"url\":\"https://1ptba.com/\",\"enable\":1},\"52PT\":{\"url\":\"https://52pt.site/\",\"enable\":1},\"ACM\":{\"url\":\"https://eiga.moi/\",\"enable\":1},\"ANT\":{\"url\":\"https://anthelion.me/\",\"enable\":1},\"avz\":{\"url\":\"https://avistaz.to/\",\"enable\":1},\"Audiences\":{\"url\":\"https://audiences.me/\",\"enable\":1},\"BHD\":{\"url\":\"https://beyond-hd.me/\",\"enable\":1},\"Aither\":{\"url\":\"https://aither.cc/\",\"enable\":1},\"BLU\":{\"url\":\"https://blutopia.cc/\",\"enable\":1},\"BTN\":{\"url\":\"https://broadcasthe.net/\",\"enable\":1},\"BYR\":{\"url\":\"https://byr.pt/\",\"enable\":1},\"BTSchool\":{\"url\":\"https://pt.btschool.club/\",\"enable\":1},\"CarPt\":{\"url\":\"https://carpt.net/\",\"enable\":1},\"CG\":{\"url\":\"http://cinemageddon.net/\",\"enable\":1},\"CMCT\":{\"url\":\"https://springsunday.net/\",\"enable\":1},\"CNZ\":{\"url\":\"https://cinemaz.to/\",\"enable\":1},\"CHDBits\":{\"url\":\"https://ptchdbits.co/\",\"enable\":1},\"DaJiao\":{\"url\":\"https://dajiao.cyou/\",\"enable\":1},\"DiscFan\":{\"url\":\"https://discfan.net/\",\"enable\":1},\"Dragon\":{\"url\":\"https://www.dragonhd.xyz/\",\"enable\":1},\"FreeFarm\":{\"url\":\"https://pt.0ff.cc/\",\"enable\":1},\"GPW\":{\"url\":\"https://greatposterwall.com/\",\"enable\":1},\"HaiDan\":{\"url\":\"https://www.haidan.video/\",\"enable\":1},\"HaresClub\":{\"url\":\"https://club.hares.top/\",\"enable\":1},\"HD4FANS\":{\"url\":\"https://pt.hd4fans.org/\",\"enable\":1},\"HDArea\":{\"url\":\"https://hdarea.club/\",\"enable\":1},\"HDAtmos\":{\"url\":\"https://hdatmos.club/\",\"enable\":1},\"HDB\":{\"url\":\"https://hdbits.org/\",\"enable\":1},\"HDChina\":{\"url\":\"https://hdchina.org/\",\"enable\":1},\"HDCity\":{\"url\":\"https://hdcity.city/\",\"enable\":1},\"HDDolby\":{\"url\":\"https://www.hddolby.com/\",\"enable\":1},\"HDF\":{\"url\":\"https://hdf.world/\",\"enable\":1},\"HDfans\":{\"url\":\"http://hdfans.org/\",\"enable\":1},\"HDHome\":{\"url\":\"https://hdhome.org/\",\"enable\":1},\"HDMaYi\":{\"url\":\"http://hdmayi.com/\",\"enable\":1},\"HDPost\":{\"url\":\"https://pt.hdpost.top/\",\"enable\":1},\"DarkLand\":{\"url\":\"https://darkland.top/\",\"enable\":1},\"HDRoute\":{\"url\":\"http://hdroute.org/\",\"enable\":1},\"HDSky\":{\"url\":\"https://hdsky.me/\",\"enable\":1},\"HDSpace\":{\"url\":\"https://hd-space.org/\",\"enable\":1},\"HDT\":{\"url\":\"https://hd-torrents.org/\",\"enable\":1},\"HDTime\":{\"url\":\"https://hdtime.org/\",\"enable\":1},\"HDU\":{\"url\":\"https://pt.hdupt.com/\",\"enable\":1},\"HDVideo\":{\"url\":\"https://hdvideo.one/\",\"enable\":1},\"HDZone\":{\"url\":\"https://hdfun.me/\",\"enable\":1},\"HD-Only\":{\"url\":\"https://hd-only.org/\",\"enable\":1},\"HHClub\":{\"url\":\"https://hhanclub.top/\",\"enable\":1},\"HITPT\":{\"url\":\"https://www.hitpt.com/\",\"enable\":1},\"HUDBT\":{\"url\":\"https://hudbt.hust.edu.cn/\",\"enable\":1},\"iTS\":{\"url\":\"https://shadowthein.net/\",\"enable\":1},\"JoyHD\":{\"url\":\"https://www.joyhd.net/\",\"enable\":1},\"KG\":{\"url\":\"https://karagarga.in/\",\"enable\":1},\"MTV\":{\"url\":\"https://www.morethantv.me/\",\"enable\":1},\"NanYang\":{\"url\":\"https://nanyangpt.com/\",\"enable\":1},\"NBL\":{\"url\":\"https://nebulance.io/\",\"enable\":1},\"NPUPT\":{\"url\":\"https://npupt.com/\",\"enable\":1},\"OpenCD\":{\"url\":\"https://open.cd/\",\"enable\":1},\"OPS\":{\"url\":\"https://orpheus.network/\",\"enable\":1},\"Oshen\":{\"url\":\"http://www.oshen.win/\",\"enable\":1},\"OurBits\":{\"url\":\"https://ourbits.club/\",\"enable\":1},\"PHD\":{\"url\":\"https://privatehd.to/\",\"enable\":1},\"PigGo\":{\"url\":\"https://piggo.me/\",\"enable\":1},\"PTCafe\":{\"url\":\"https://ptcafe.club/\",\"enable\":1},\"PTChina\":{\"url\":\"https://ptchina.org/\",\"enable\":1},\"PTer\":{\"url\":\"https://pterclub.com/\",\"enable\":1},\"PThome\":{\"url\":\"https://www.pthome.net/\",\"enable\":1},\"PTP\":{\"url\":\"https://passthepopcorn.me/\",\"enable\":1},\"PTsbao\":{\"url\":\"https://ptsbao.club/\",\"enable\":1},\"PTT\":{\"url\":\"https://www.pttime.org/\",\"enable\":1},\"PuTao\":{\"url\":\"https://pt.sjtu.edu.cn/\",\"enable\":1},\"RED\":{\"url\":\"https://redacted.ch/\",\"enable\":1},\"SC\":{\"url\":\"https://secret-cinema.pw/\",\"enable\":1},\"SoulVoice\":{\"url\":\"https://pt.soulvoice.club/\",\"enable\":1},\"TCCF\":{\"url\":\"https://et8.org/\",\"enable\":1},\"Tik\":{\"url\":\"https://cinematik.net/\",\"enable\":1},\"TJUPT\":{\"url\":\"https://www.tjupt.org/\",\"enable\":1},\"TLFbits\":{\"url\":\"http://pt.eastgame.org/\",\"enable\":1},\"TTG\":{\"url\":\"https://totheglory.im/\",\"enable\":1},\"TVV\":{\"url\":\"http://tv-vault.me/\",\"enable\":1},\"UHD\":{\"url\":\"https://uhdbits.org/\",\"enable\":1},\"UltraHD\":{\"url\":\"https://ultrahd.net/\",\"enable\":1},\"WT-Sakura\":{\"url\":\"https://wintersakura.net/\",\"enable\":1},\"xthor\":{\"url\":\"https://xthor.tk/\",\"enable\":1},\"YDY\":{\"url\":\"https://pt.hdbd.us/\",\"enable\":1},\"ITZMX\":{\"url\":\"https://pt.itzmx.com/\",\"enable\":1},\"HDPt\":{\"url\":\"https://hdpt.xyz/\",\"enable\":1},\"JPTV\":{\"url\":\"https://jptv.club/\",\"enable\":1},\"Monika\":{\"url\":\"https://monikadesign.uk/\",\"enable\":1},\"ZMPT\":{\"url\":\"https://zmpt.cc/\",\"enable\":1},\"ICC\":{\"url\":\"https://www.icc2022.com/\",\"enable\":1},\"CyanBug\":{\"url\":\"https://cyanbug.net/\",\"enable\":1},\"2xFree\":{\"url\":\"https://pt.2xfree.org/\",\"enable\":1},\"ZHUQUE\":{\"url\":\"https://zhuque.in/\",\"enable\":1},\"YemaPT\":{\"url\":\"https://www.yemapt.org/\",\"enable\":1},\"海棠\":{\"url\":\"https://www.htpt.cc/\",\"enable\":1},\"杏林\":{\"url\":\"https://xingtan.one/\",\"enable\":1},\"SRVFI\":{\"url\":\"https://srvfi.top/\",\"enable\":1},\"UBits\":{\"url\":\"https://ubits.club/\",\"enable\":1},\"OKPT\":{\"url\":\"https://www.okpt.net/\",\"enable\":1},\"GGPT\":{\"url\":\"https://www.gamegamept.com/\",\"enable\":1},\"RS\":{\"url\":\"https://resource.xidian.edu.cn/\",\"enable\":1},\"Panda\":{\"url\":\"https://pandapt.net/\",\"enable\":1},\"KuFei\":{\"url\":\"https://kufei.org/\",\"enable\":1},\"RouSi\":{\"url\":\"https://rousi.zip/\",\"enable\":1},\"悟空\":{\"url\":\"https://wukongwendao.top/\",\"enable\":1},\"GTK\":{\"url\":\"https://pt.gtk.pw/\",\"enable\":1},\"象岛\":{\"url\":\"https://ptvicomo.net/\",\"enable\":1},\"麒麟\":{\"url\":\"https://www.hdkyl.in/\",\"enable\":1},\"AGSV\":{\"url\":\"https://www.agsvpt.com/\",\"enable\":1},\"ECUST\":{\"url\":\"https://pt.ecust.pp.ua/\",\"enable\":1},\"iloli\":{\"url\":\"https://share.ilolicon.com/\",\"enable\":1},\"CrabPt\":{\"url\":\"https://crabpt.vip/\",\"enable\":1},\"QingWa\":{\"url\":\"https://qingwapt.com/\",\"enable\":1},\"FNP\":{\"url\":\"https://fearnopeer.com/\",\"enable\":1},\"OnlyEncodes\":{\"url\":\"https://onlyencodes.cc/\",\"enable\":1},\"ToSky\":{\"url\":\"https://t.tosky.club/\",\"enable\":1},\"PTFans\":{\"url\":\"https://ptfans.cc/\",\"enable\":1},\"PTzone\":{\"url\":\"https://ptzone.xyz/\",\"enable\":1},\"雨\":{\"url\":\"https://raingfh.top/\",\"enable\":1},\"PTLGS\":{\"url\":\"https://ptlgs.org/\",\"enable\":1},\"ZhuoYue\":{\"url\":\"https://pt.zhuoyue.de/\",\"enable\":1},\"NJTUPT\":{\"url\":\"https://njtupt.top/\",\"enable\":1},\"LemonHD\":{\"url\":\"https://lemonhd.club/\",\"enable\":1}}","host_link":"shttps://share.ilolicon.com/usercp.php?action=personal","site_order":"s\"MTeam,影,红叶,1PTBA,52PT,ACM,ANT,avz,Audiences,BHD,Aither,BLU,BTN,BYR,BTSchool,CarPt,CG,CMCT,CNZ,CHDBits,DaJiao,DiscFan,Dragon,FreeFarm,GPW,HaiDan,HaresClub,HD4FANS,HDArea,HDAtmos,HDB,HDChina,HDCity,HDDolby,HDF,HDfans,HDHome,HDMaYi,HDPost,DarkLand,HDRoute,HDSky,HDSpace,HDT,HDTime,HDU,HDVideo,HDZone,HD-Only,HHClub,HITPT,HUDBT,iTS,JoyHD,KG,MTV,NanYang,NBL,NPUPT,OpenCD,OPS,Oshen,OurBits,PHD,PigGo,PTCafe,PTChina,PTer,PThome,PTP,PTsbao,PTT,PuTao,RED,SC,SoulVoice,TCCF,Tik,TJUPT,TLFbits,TTG,TVV,UHD,UltraHD,WT-Sakura,xthor,YDY,ITZMX,HDPt,JPTV,Monika,ZMPT,ICC,CyanBug,2xFree,ZHUQUE,YemaPT,海棠,杏林,SRVFI,UBits,OKPT,GGPT,RS,Panda,KuFei,RouSi,悟空,GTK,象岛,麒麟,AGSV,ECUST,iloli,CrabPt,QingWa,FNP,OnlyEncodes,ToSky,PTFans,PTzone,雨,PTLGS,ZhuoYue,NJTUPT,LemonHD\""}}