{"options":{"check_for_updates":true,"user_modified":null,"comment":null,"compatopts_for_requires":true,"compat_wrappedjsobject":false,"compat_metadata":false,"compat_foreach":false,"compat_powerful_this":null,"sandbox":null,"noframes":null,"unwrap":null,"run_at":null,"tab_types":null,"override":{"use_includes":[],"orig_includes":[],"merge_includes":true,"use_matches":[],"orig_matches":["https://blutopia.cc/torrents?imdb=tt*","http*://*/*detail*.php*","https://nzbs.in/*","http*://*/detail*.php*","http*://*/upload*php*","https://pixhost.to*","https://*/upload/*","https://*.open.cd/plugin_upload.php*","https://www.myanonamouse.net/t/*","https://img.hdbits.org/","http*://*/offer*php*","https://star-space.net/*upload.php","http*://*.tieba.baidu.com/*","https://xthor.tk/*","https://house-of-usenet.com/threads/*","https://omgwtfnzbs.org/details*","https://speedapp.io/browse/*","https://torrent.desi/torrents*","https://www.imdb.com/title/tt*","https://hdf.world/*","https://kp.m-team.cc/detail/*","https://kp.m-team.cc/upload*","https://blutopia.cc/torrents/create*","https://secret-cinema.pw/torrents.php?id=*","https://filelist.io/*","https://bluebird-hd.org/*","https://iptorrents.com/torrent.php?id=*","http*://hd-space.org/index.php?page=torrent-details*","https://digitalcore.club/torrent/*","http*://ptpimg.me*","https://imgbox.com*","https://www.imagebam.com/*","https://bangumi.tv/subject/*","https://totheglory.im/*","https://hd-space.org/index.php?page=upload","https://hdcity.city/upload*","https://hdbits.org/upload*","https://hdbits.org/browse*","https://nebulance.io/torrents.php?id=*","https://hd-only.org/*","https://jpopsuki.eu/torrents.php*","https://passthepopcorn.me/*","https://hd-torrents.org/torrents.php*","https://greatposterwall.com/torrents.php*","https://broadcasthe.net/*.php*","https://backup.landof.tv/*.php*","https://beyond-hd.me/upload*","http*://beyond-hd.me/library/*","https://*/usercp.php?action=personal*","https://uhdbits.org/torrents.php*","https://blutopia.cc/torrents/create/*","https://pt.hdpost.top/upload/*","https://eiga.moi/upload/*","http*://totheglory.im/t/*","http*://privatehd.to/torrent/*","http*://avistaz.to/torrent/*","http*://cinemaz.to/torrent/*","https://zhuque.in/torrent/*","https://www.yemapt.org/*","https://beyond-hd.me/download_check/*","http*://passthepopcorn.me/torrents.php?id*","http*://*php?id=*&torrentid=*","http*://*/*php?id=*&torrentid=*","http*://www.morethantv.me/torrents.php?id=*","https://*php?torrentid=*&id=*","https://hdbits.org/details.php?id=*","https://hdf.world/torrents.php*","http*://beyond-hd.me/torrents/*","https://*.douban.com/subject/*","https://filelist.io/browse.php*","http*://www.torrentleech.org/torrent/*","http*://*/torrents/*","https://*/torrents?imdb*","https://broadcasthe.net/friends.php","http*://*redacted.ch/upload.php*","http*://*redacted.ch/requests.php*","http*://*redacted.ch/torrents.php*","https://c.pc.qq.com/middlem.html?pfurl=*"],"merge_matches":true,"use_excludes":[],"orig_excludes":["http*bitpt.cn*"],"merge_excludes":true,"use_connects":["yadg.cc","share.ilolicon.com","kamept.com","m-team.io","m-team.co"],"orig_connects":[],"merge_connects":true,"use_blockers":[],"orig_run_at":"document-end","orig_noframes":null,"orig_run_in":[]},"run_in":null,"tags":[]},"settings":{"enabled":true,"position":7},"meta":{"name":"auto_feed","uuid":"9e4a6e6e-5746-497b-a471-32b22ede9914","modified":1729267861605,"file_url":"https://update.greasyfork.org/scripts/424132/auto_feed.user.js"}}