{"options":{"check_for_updates":true,"user_modified":null,"comment":null,"compatopts_for_requires":true,"compat_wrappedjsobject":false,"compat_metadata":false,"compat_foreach":false,"compat_powerful_this":null,"sandbox":null,"noframes":null,"unwrap":null,"run_at":null,"run_in":null,"tags":[],"override":{"use_includes":[],"orig_includes":[],"merge_includes":true,"use_matches":[],"orig_matches":["https://www.bilibili.com/video/*","https://www.bilibili.com/list/*","https://www.bilibili.com/bangumi/play/*","https://www.bilibili.com/cheese/play/*","https://www.bilibili.com/festival/*"],"merge_matches":true,"use_excludes":[],"orig_excludes":[],"merge_excludes":true,"use_connects":[],"orig_connects":[],"merge_connects":true,"use_blockers":[],"orig_run_at":"document-idle","orig_run_in":[],"orig_noframes":null,"orig_tags":[]}},"settings":{"enabled":true,"position":8},"meta":{"name":"BiliBili 高级倍速功能","uuid":"880333ef-60ff-44ef-a416-8a886d0ee6a7","modified":1745139055881,"file_url":"https://update.greasyfork.org/scripts/479080/BiliBili%20%E9%AB%98%E7%BA%A7%E5%80%8D%E9%80%9F%E5%8A%9F%E8%83%BD.user.js"}}