{"options":{"check_for_updates":true,"user_modified":null,"comment":null,"compatopts_for_requires":true,"compat_wrappedjsobject":false,"compat_metadata":false,"compat_foreach":false,"compat_powerful_this":null,"sandbox":null,"noframes":null,"unwrap":null,"run_at":null,"tab_types":null,"override":{"use_includes":[],"orig_includes":[],"merge_includes":true,"use_matches":[],"orig_matches":["https://*/torrents.php?id=*","http://*/torrents.php?id=*","https://broadcasthe.net/torrents.php?torrentid=*","http://*/details.php?id=*","https://*/details.php?id=*","https://totheglory.im/t/*","https://beyond-hd.me/torrents/*","https://blutopia.cc/torrents/*","https://blutopia.cc/torrents?*","https://blutopia.cc/upload/*","https://pt.hdpost.top/torrents?*","https://pt.hdpost.top/torrents/*","https://asiancinema.me/torrents/*","https://asiancinema.me/torrents?*","https://aither.cc/torrents/*","https://aither.cc/torrents?*","https://ptpimg.me/*","https://*/upload*","http://*/upload*","https://*/offers.php*","https://broadcity.in/browse.php?imdb=*","https://privatehd.to/torrent/*","https://avistaz.to/torrent/*","https://cinemaz.to/torrent/*","https://piratethenet.org/browse.php?*","https://teamhd.org/details/id*","https://hd-space.org/index.php?page=upload","https://hd-space.org/index.php?page=torrent-details&id=*","https://speedapp.io/browse/*","https://zhuque.in/torrent/upload","https://monikadesign.uk/torrents/*","https://monikadesign.uk/torrents?*","https://monikadesign.uk/upload/*","https://lst.gg/torrents/*","https://lst.gg/torrents?*","https://*.m-team.cc/detail/*","https://www.morethantv.me/upload.php"],"merge_matches":true,"use_excludes":[],"orig_excludes":["https://privatehd.to/torrent/peers*","https://avistaz.to/torrent/peers*","https://privatehd.to/torrent/history*","https://avistaz.to/torrent/history*","https://cinemaz.to/torrent/peers*","https://cinemaz.to/torrent/history*"],"merge_excludes":true,"use_connects":["api.m-team.cc","ds1.m-team.co"],"orig_connects":[],"merge_connects":true,"use_blockers":[],"orig_run_at":"document-end","orig_noframes":null,"orig_run_in":[]},"run_in":null,"tags":[]},"settings":{"enabled":true,"position":6},"meta":{"name":"EasyUpload PT一键转种","uuid":"5b3cc016-4c11-4c3c-8abd-5760a56cc3f4","modified":1724498196526,"file_url":"https://update.greasyfork.org/scripts/423199/EasyUpload%20PT%E4%B8%80%E9%94%AE%E8%BD%AC%E7%A7%8D.user.js"}}