{"options":{"check_for_updates":true,"user_modified":null,"comment":null,"compatopts_for_requires":true,"compat_wrappedjsobject":false,"compat_metadata":false,"compat_foreach":false,"compat_powerful_this":null,"sandbox":null,"noframes":null,"unwrap":null,"run_at":null,"tab_types":null,"override":{"use_includes":[],"orig_includes":[],"merge_includes":true,"use_matches":[],"orig_matches":["http*://*/userdetails.php?id=*"],"merge_matches":true,"use_excludes":[],"orig_excludes":[],"merge_excludes":true,"use_connects":[],"orig_connects":[],"merge_connects":true,"use_blockers":[],"orig_run_at":"document-idle","orig_noframes":null,"orig_run_in":[]},"run_in":null,"tags":[]},"settings":{"enabled":true,"position":3},"meta":{"name":"Nexusphp PT种子一键认领和取消认领","uuid":"e343430c-e7b5-43ce-a563-1b9582c5e0db","modified":1724081811282,"file_url":"https://update.greasyfork.org/scripts/486655/Nexusphp%20PT%E7%A7%8D%E5%AD%90%E4%B8%80%E9%94%AE%E8%AE%A4%E9%A2%86%E5%92%8C%E5%8F%96%E6%B6%88%E8%AE%A4%E9%A2%86.user.js"}}