{"options":{"check_for_updates":true,"user_modified":null,"comment":null,"compatopts_for_requires":true,"compat_wrappedjsobject":false,"compat_metadata":false,"compat_foreach":false,"compat_powerful_this":null,"sandbox":null,"noframes":null,"unwrap":null,"run_at":null,"tab_types":null,"override":{"use_includes":[],"orig_includes":[],"merge_includes":true,"use_matches":[],"orig_matches":["https://springsunday.net/userdetails.php?id=*","https://pterclub.com/userdetails.php?id=*","https://pterclub.com/getusertorrentlist.php?userid=*","https://zmpt.cc/userdetails.php?id=*","https://hdfans.org/userdetails.php?id=*","https://leaves.red/userdetails.php?id=*","https://audiences.me/userdetails.php?id=*","https://pt.0ff.cc/userdetails.php?id=*","https://hdatmos.club/userdetails.php?id=*","https://hdtime.org/userdetails.php?id=*","https://www.icc2022.com/userdetails.php?id=*","https://www.okpt.net/userdetails.php?id=*","https://pandapt.net/userdetails.php?id=*","https://piggo.me/userdetails.php?id=*","https://ubits.club/userdetails.php?id=*","https://dajiao.cyou/userdetails.php?id=*","https://pt.soulvoice.club/userdetails.php?id=*","https://kamept.com/userdetails.php?id=*"],"merge_matches":true,"use_excludes":[],"orig_excludes":[],"merge_excludes":true,"use_connects":[],"orig_connects":[],"merge_connects":true,"use_blockers":[],"orig_run_at":"document-idle","orig_noframes":null,"orig_run_in":[]},"run_in":null,"tags":[]},"settings":{"enabled":true,"position":1},"meta":{"name":"PT一键认领","uuid":"01f79dce-92d3-4706-b364-d0fefaff0d2a","modified":1724082221604,"file_url":"https://update.greasyfork.org/scripts/477534/PT%E4%B8%80%E9%94%AE%E8%AE%A4%E9%A2%86.user.js"}}