{"options":{"check_for_updates":true,"user_modified":1724167959272,"comment":null,"compatopts_for_requires":true,"compat_wrappedjsobject":false,"compat_metadata":false,"compat_foreach":false,"compat_powerful_this":null,"sandbox":null,"noframes":null,"unwrap":null,"run_at":null,"tab_types":null,"override":{"use_includes":[],"orig_includes":[],"merge_includes":true,"use_matches":[],"orig_matches":["http://127.0.0.1:8080/","http://192.168.101.111:4000/"],"merge_matches":true,"use_excludes":[],"orig_excludes":[],"merge_excludes":true,"use_connects":[],"orig_connects":[],"merge_connects":true,"use_blockers":[],"orig_run_at":"document-end","orig_noframes":null,"orig_run_in":[]},"run_in":null,"tags":[]},"settings":{"enabled":true,"position":5},"meta":{"name":"qbittorrent 状态栏显示数量和大小","uuid":"bbfe2e2b-d9a4-406d-a963-a8026b86db2f","modified":1724167959271,"file_url":"https://update.greasyfork.org/scripts/484895/qbittorrent%20%E7%8A%B6%E6%80%81%E6%A0%8F%E6%98%BE%E7%A4%BA%E6%95%B0%E9%87%8F%E5%92%8C%E5%A4%A7%E5%B0%8F.user.js"}}