{"options":{"check_for_updates":true,"user_modified":null,"comment":null,"compatopts_for_requires":true,"compat_wrappedjsobject":false,"compat_metadata":false,"compat_foreach":false,"compat_powerful_this":null,"sandbox":null,"noframes":null,"unwrap":null,"run_at":null,"run_in":null,"tags":[],"override":{"use_includes":[],"orig_includes":[],"merge_includes":true,"use_matches":[],"orig_matches":["http*://*/userdetails.php?id=*","http*://*/claim.php?uid=*","http*://pterclub.com/getusertorrentlist.php?*"],"merge_matches":true,"use_excludes":[],"orig_excludes":[],"merge_excludes":true,"use_connects":[],"orig_connects":[],"merge_connects":true,"use_blockers":[],"orig_run_at":"document-idle","orig_noframes":null,"orig_run_in":[],"orig_tags":[]}},"settings":{"enabled":true,"position":2},"meta":{"name":"一键领种、弃种","uuid":"41dd1610-0319-4e92-a70f-c6da2200fdfe","modified":1740492632005,"file_url":"https://update.greasyfork.org/scripts/478851/%E4%B8%80%E9%94%AE%E9%A2%86%E7%A7%8D%E3%80%81%E5%BC%83%E7%A7%8D.user.js"}}