{"options":{"check_for_updates":true,"user_modified":null,"comment":null,"compatopts_for_requires":true,"compat_wrappedjsobject":false,"compat_metadata":false,"compat_foreach":false,"compat_powerful_this":null,"sandbox":null,"noframes":null,"unwrap":null,"run_at":null,"tab_types":null,"override":{"use_includes":[],"orig_includes":[],"merge_includes":true,"use_matches":[],"orig_matches":["https://ptsbao.club/userdetails.php?id=*"],"merge_matches":true,"use_excludes":[],"orig_excludes":[],"merge_excludes":true,"use_connects":[],"orig_connects":[],"merge_connects":true,"use_blockers":[],"orig_run_at":"document-idle","orig_noframes":null,"orig_run_in":[]},"run_in":null,"tags":[]},"settings":{"enabled":true,"position":4},"meta":{"name":"烧包一键认领","uuid":"ac4bdff3-9e26-4aac-a36b-4763ddece343","modified":1724081907199,"file_url":"https://update.greasyfork.org/scripts/434757/%E7%83%A7%E5%8C%85%E4%B8%80%E9%94%AE%E8%AE%A4%E9%A2%86.user.js"}}